, points, abb_vol, obb_vol , voxel_grid , avg_dist , poison_avg_density  , bpa_mesh _points, bpa_mesh _triangle,  poison_mesh _points,  poison_mesh _triangle, convex_hull _points, convex_hull _triangle
count,40.0,40.0,40.0,40.0,40.0,40.0,40.0,40.0,40.0,40.0,40.0,40.0
mean,1432.95,657.1487065203212,635.9916118527563,2.0,0.21997215493280198,4.607511403650249,1665.0,1474.0,10680.0,5435.0,100.0,52.0
std,401.8937192075307,265.9564398481694,265.9720420843605,0.0,0.02187952965098281,0.19492133432749445,0.0,0.0,0.0,0.0,0.0,0.0
min,761.0,232.65847000479695,218.74450131151647,2.0,0.1787698747946393,4.0113897005119625,1665.0,1474.0,10680.0,5435.0,100.0,52.0
25%,1175.5,452.7158142531583,449.9751761806036,2.0,0.20630553125629805,4.518905929009373,1665.0,1474.0,10680.0,5435.0,100.0,52.0
50%,1408.5,597.8402977896196,585.317611677244,2.0,0.2161278790301169,4.665165333531446,1665.0,1474.0,10680.0,5435.0,100.0,52.0
75%,1600.0,829.7326372454146,776.991481851641,2.0,0.2348423380691775,4.735689939680125,1665.0,1474.0,10680.0,5435.0,100.0,52.0
max,2825.0,1276.2223448990312,1456.4735702392868,2.0,0.2697384656583089,4.993768558962352,1665.0,1474.0,10680.0,5435.0,100.0,52.0
